Breed,Package
Pomeranian,Full Grooming
Doberman,Bath and Dry
Chihuahua,Nail Trim
Beagle,Bath and Dry
Mini Pinscher,Bath and Dry
Aspin,Bath and Dry
Golden Retriever,Bath and Dry
Poodle,Full Grooming
French Bulldog,Bath and Dry
Poodle,Full Grooming
German Shepherd,Bath and Dry
Golden Retriever,Bath and Dry
Siberian Husky,Spa Bath
Doberman,Bath and Dry
Jack Russell Terrier,Bath and Dry
Belgian Malinois,Spa Bath
Border Collie,Full Grooming
French Bulldog,Bath and Dry
Labrador Retriever,Spa Bath
Poodle,Full Grooming
Mini Pinscher,Bath and Dry
French Bulldog,Bath and Dry
Belgian Malinois,Spa Bath
French Bulldog,Bath and Dry
Aspin,Bath and Dry
Chihuahua,Nail Trim
Pitbull,Bath and Dry
Chihuahua,Nail Trim
Doberman,Bath and Dry
Border Collie,Full Grooming
Jack Russell Terrier,Bath and Dry
Labrador Retriever,Spa Bath
Beagle,Bath and Dry
Chihuahua,Nail Trim
Beagle,Bath and Dry
Belgian Malinois,Spa Bath
Dachshund,Bath and Dry
Jack Russell Terrier,Bath and Dry
Belgian Malinois,Spa Bath
Dachshund,Bath and Dry
Border Collie,Full Grooming
Golden Retriever,Bath and Dry
Shih Tzu,Full Grooming
Golden Retriever,Bath and Dry
Labrador Retriever,Spa Bath
Dachshund,Bath and Dry
Boxer,Spa Bath
French Bulldog,Bath and Dry
Jack Russell Terrier,Bath and Dry
Doberman,Bath and Dry
American Bulldog,Bath and Dry
Shih Tzu (Princess Type),Full Grooming
Pomeranian (Teacup),Full Grooming
Siberian Husky,Bath and Dry
Beagle,Bath and Dry
Aspin,Bath and Dry
Golden Retriever,Full Grooming
Labrador,Full Grooming
Dachshund,Full Grooming
English Bulldog,Spa Bath
Yorkie,Full Grooming
Poodle,Full Grooming
Shih Tzu (Choco Liver),Full Grooming
Pekingese,Full Grooming
